id,agent,badges,checkItemStates,closed,dueComplete,dateLastActivity,desc,descData,due,dueReminder,email,idBoard,idChecklists,idList,idMembers,idMembersVoted,idShort,idAttachmentCover,labels,idLabels,manualCoverAttachment,name,nodeId,pinned,pos,shortLink,shortUrl,start,subscribed,url,cover,isTemplate,cardRole,mirrorSourceId
682bac477460d94c17a0fed7,"{'name': None, 'conversationId': None}","{'attachments': 0, 'fogbugz': '', 'checkItems': 0, 'checkItemsChecked': 0, 'checkItemsEarliestDue': None, 'comments': 0, 'description': True, 'due': None, 'dueComplete': False, 'lastUpdatedByAi': False, 'start': None, 'externalSource': None, 'attachmentsByType': {'trello': {'board': 0, 'card': 0}}, 'location': False, 'votes': 0, 'maliciousAttachments': 0, 'viewingMemberVoted': False, 'subscribed': False}",[],False,False,2025-05-23T22:34:27.981Z,"Para participar da videochamada, clique neste link: [https://meet.google.com/rup-bbbx-rgi](https://meet.google.com/rup-bbbx-rgi ""smartCard-inline"")
Para participar por telefone, disque +1 585-532-5354 e digite este PIN: 227 916 981#

19/05

Time de Banco:

Time de Back: Sexta finalizamos o endpoint de usuario e login, fizemos a publicacao da API na azure Hoje Implementar o endpoint de notas em andamento

Time de Front: estamos finalizando o css da parte de notas.",{'emoji': {}},,,,681e971bd9a39734b445f278,[],681e97341992fe3c3b2fd8b8,[],[],44,,"[{'id': '681e971bd9a39734b445f2c1', 'idBoard': '681e971bd9a39734b445f278', 'idOrganization': '681e95bf55faa1fe8b9ecf06', 'name': 'Banco de Dados', 'nodeId': 'ari:cloud:trello::label/workspace/681e95bf55faa1fe8b9ecf06/681e971bd9a39734b445f2c1', 'color': 'green', 'uses': 15}, {'id': '68227a48380f731798877ee6', 'idBoard': '681e971bd9a39734b445f278', 'idOrganization': '681e95bf55faa1fe8b9ecf06', 'name': 'FrontEnd', 'nodeId': 'ari:cloud:trello::label/workspace/681e95bf55faa1fe8b9ecf06/68227a48380f731798877ee6', 'color': 'yellow_dark', 'uses': 13}, {'id': '681e971bd9a39734b445f2c4', 'idBoard': '681e971bd9a39734b445f278', 'idOrganization': '681e95bf55faa1fe8b9ecf06', 'name': 'BackEnd', 'nodeId': 'ari:cloud:trello::label/workspace/681e95bf55faa1fe8b9ecf06/681e971bd9a39734b445f2c4', 'color': 'red', 'uses': 15}]","['681e971bd9a39734b445f2c1', '68227a48380f731798877ee6', '681e971bd9a39734b445f2c4']",False,Daily,ari:cloud:trello::card/workspace/681e95bf55faa1fe8b9ecf06/682bac477460d94c17a0fed7,False,2048,Tp744PXz,https://trello.com/c/Tp744PXz,,False,https://trello.com/c/Tp744PXz/44-daily,"{'idAttachment': None, 'color': None, 'idUploadedBackground': None, 'size': 'normal', 'brightness': 'dark', 'yPosition': 0.5, 'idPlugin': None}",False,,
68252767733eb4bf7d441ba2,"{'name': None, 'conversationId': None}","{'attachments': 2, 'fogbugz': '', 'checkItems': 0, 'checkItemsChecked': 0, 'checkItemsEarliestDue': None, 'comments': 0, 'description': True, 'due': None, 'dueComplete': False, 'lastUpdatedByAi': False, 'start': None, 'externalSource': None, 'attachmentsByType': {'trello': {'board': 0, 'card': 0}}, 'location': False, 'votes': 0, 'maliciousAttachments': 0, 'viewingMemberVoted': False, 'subscribed': False}",[],False,False,2025-05-16T22:02:07.631Z,"[appsettings.json](https://trello.com/1/cards/68252767733eb4bf7d441ba2/attachments/6827b5ced4432753c1a9e9d1/download/appsettings.json ""‌"")[appsettings.Development.json](https://trello.com/1/cards/68252767733eb4bf7d441ba2/attachments/6827b5d897fe209a4cbb19f1/download/appsettings.Development.json ""‌"")",{'emoji': {}},,,,681e971bd9a39734b445f278,[],681e97341992fe3c3b2fd8b8,[],[],39,,"[{'id': '681e971bd9a39734b445f2c4', 'idBoard': '681e971bd9a39734b445f278', 'idOrganization': '681e95bf55faa1fe8b9ecf06', 'name': 'BackEnd', 'nodeId': 'ari:cloud:trello::label/workspace/681e95bf55faa1fe8b9ecf06/681e971bd9a39734b445f2c4', 'color': 'red', 'uses': 15}]",['681e971bd9a39734b445f2c4'],False,Criar CORS para Front-End,ari:cloud:trello::card/workspace/681e95bf55faa1fe8b9ecf06/68252767733eb4bf7d441ba2,False,4096,cxx7QXzg,https://trello.com/c/cxx7QXzg,,False,https://trello.com/c/cxx7QXzg/39-criar-cors-para-front-end,"{'idAttachment': None, 'color': None, 'idUploadedBackground': None, 'size': 'normal', 'brightness': 'dark', 'yPosition': 0.5, 'idPlugin': None}",False,,
682271db81721f906a3fbb9a,"{'name': None, 'conversationId': None}","{'attachments': 0, 'fogbugz': '', 'checkItems': 12, 'checkItemsChecked': 0, 'checkItemsEarliestDue': None, 'comments': 0, 'description': False, 'due': None, 'dueComplete': False, 'lastUpdatedByAi': False, 'start': None, 'externalSource': None, 'attachmentsByType': {'trello': {'board': 0, 'card': 0}}, 'location': False, 'votes': 0, 'maliciousAttachments': 0, 'viewingMemberVoted': False, 'subscribed': False}",[],False,False,2025-05-12T23:27:55.016Z,,{'emoji': {}},,,,681e971bd9a39734b445f278,"['682271db81721f906a3fbbcc', '682271db81721f906a3fbbd6', '682271db81721f906a3fbbe0']",681e97341992fe3c3b2fd8b8,['681e965f46c2b26790f21917'],[],34,,"[{'id': '681e971bd9a39734b445f2c4', 'idBoard': '681e971bd9a39734b445f278', 'idOrganization': '681e95bf55faa1fe8b9ecf06', 'name': 'BackEnd', 'nodeId': 'ari:cloud:trello::label/workspace/681e95bf55faa1fe8b9ecf06/681e971bd9a39734b445f2c4', 'color': 'red', 'uses': 15}]",['681e971bd9a39734b445f2c4'],False,Validação de Dados,ari:cloud:trello::card/workspace/681e95bf55faa1fe8b9ecf06/682271db81721f906a3fbb9a,False,9856,fBlukOVF,https://trello.com/c/fBlukOVF,,False,https://trello.com/c/fBlukOVF/34-valida%C3%A7%C3%A3o-de-dados,"{'idAttachment': None, 'color': None, 'idUploadedBackground': None, 'size': 'normal', 'brightness': 'dark', 'yPosition': 0.5, 'idPlugin': None}",False,,
68227204ad7a51ae767c10f4,"{'name': None, 'conversationId': None}","{'attachments': 0, 'fogbugz': '', 'checkItems': 12, 'checkItemsChecked': 0, 'checkItemsEarliestDue': None, 'comments': 0, 'description': False, 'due': None, 'dueComplete': False, 'lastUpdatedByAi': False, 'start': None, 'externalSource': None, 'attachmentsByType': {'trello': {'board': 0, 'card': 0}}, 'location': False, 'votes': 0, 'maliciousAttachments': 0, 'viewingMemberVoted': False, 'subscribed': False}",[],False,False,2025-05-12T23:27:58.602Z,,{'emoji': {}},,,,681e971bd9a39734b445f278,"['68227205ad7a51ae767c1126', '68227205ad7a51ae767c1130', '68227205ad7a51ae767c113a']",681e97341992fe3c3b2fd8b8,['681e965f46c2b26790f21917'],[],36,,"[{'id': '681e971bd9a39734b445f2c4', 'idBoard': '681e971bd9a39734b445f278', 'idOrganization': '681e95bf55faa1fe8b9ecf06', 'name': 'BackEnd', 'nodeId': 'ari:cloud:trello::label/workspace/681e95bf55faa1fe8b9ecf06/681e971bd9a39734b445f2c4', 'color': 'red', 'uses': 15}]",['681e971bd9a39734b445f2c4'],False,Cadastro de Imagem,ari:cloud:trello::card/workspace/681e95bf55faa1fe8b9ecf06/68227204ad7a51ae767c10f4,False,10176,3ocTBiaC,https://trello.com/c/3ocTBiaC,,False,https://trello.com/c/3ocTBiaC/36-cadastro-de-imagem,"{'idAttachment': None, 'color': None, 'idUploadedBackground': None, 'size': 'normal', 'brightness': 'dark', 'yPosition': 0.5, 'idPlugin': None}",False,,
682271be1b85376d7560bd19,"{'name': None, 'conversationId': None}","{'attachments': 0, 'fogbugz': '', 'checkItems': 12, 'checkItemsChecked': 0, 'checkItemsEarliestDue': None, 'comments': 0, 'description': False, 'due': None, 'dueComplete': False, 'lastUpdatedByAi': False, 'start': None, 'externalSource': None, 'attachmentsByType': {'trello': {'board': 0, 'card': 0}}, 'location': False, 'votes': 0, 'maliciousAttachments': 0, 'viewingMemberVoted': False, 'subscribed': False}",[],False,False,2025-05-12T23:27:22.992Z,,{'emoji': {}},,,,681e971bd9a39734b445f278,"['682271be1b85376d7560bd4b', '682271be1b85376d7560bd55', '682271be1b85376d7560bd5f']",681e97341992fe3c3b2fd8b8,['681e959222b5bb62db69782b'],[],33,,"[{'id': '681e971bd9a39734b445f2c4', 'idBoard': '681e971bd9a39734b445f278', 'idOrganization': '681e95bf55faa1fe8b9ecf06', 'name': 'BackEnd', 'nodeId': 'ari:cloud:trello::label/workspace/681e95bf55faa1fe8b9ecf06/681e971bd9a39734b445f2c4', 'color': 'red', 'uses': 15}]",['681e971bd9a39734b445f2c4'],False,Segurança da Aplicação,ari:cloud:trello::card/workspace/681e95bf55faa1fe8b9ecf06/682271be1b85376d7560bd19,False,11712,n7rZcGN7,https://trello.com/c/n7rZcGN7,,False,https://trello.com/c/n7rZcGN7/33-seguran%C3%A7a-da-aplica%C3%A7%C3%A3o,"{'idAttachment': None, 'color': None, 'idUploadedBackground': None, 'size': 'normal', 'brightness': 'dark', 'yPosition': 0.5, 'idPlugin': None}",False,,
681ea1498a0bdf6e5754b559,"{'name': None, 'conversationId': None}","{'attachments': 0, 'fogbugz': '', 'checkItems': 0, 'checkItemsChecked': 0, 'checkItemsEarliestDue': None, 'comments': 0, 'description': False, 'due': None, 'dueComplete': False, 'lastUpdatedByAi': False, 'start': None, 'externalSource': None, 'attachmentsByType': {'trello': {'board': 0, 'card': 0}}, 'location': False, 'votes': 0, 'maliciousAttachments': 0, 'viewingMemberVoted': False, 'subscribed': False}",[],False,False,2025-05-12T22:49:33.924Z,,{'emoji': {}},,,,681e971bd9a39734b445f278,[],681e97341992fe3c3b2fd8b8,[],[],28,,"[{'id': '68227a48380f731798877ee6', 'idBoard': '681e971bd9a39734b445f278', 'idOrganization': '681e95bf55faa1fe8b9ecf06', 'name': 'FrontEnd', 'nodeId': 'ari:cloud:trello::label/workspace/681e95bf55faa1fe8b9ecf06/68227a48380f731798877ee6', 'color': 'yellow_dark', 'uses': 13}]",['68227a48380f731798877ee6'],False,Integração da Tela de Login com o Back-End,ari:cloud:trello::card/workspace/681e95bf55faa1fe8b9ecf06/681ea1498a0bdf6e5754b559,False,32704,KQGgtZGP,https://trello.com/c/KQGgtZGP,,False,https://trello.com/c/KQGgtZGP/28-integra%C3%A7%C3%A3o-da-tela-de-login-com-o-back-end,"{'idAttachment': None, 'color': None, 'idUploadedBackground': None, 'size': 'normal', 'brightness': 'dark', 'yPosition': 0.5, 'idPlugin': None}",False,,
681ea1611ac45670f719c972,"{'name': None, 'conversationId': None}","{'attachments': 0, 'fogbugz': '', 'checkItems': 0, 'checkItemsChecked': 0, 'checkItemsEarliestDue': None, 'comments': 0, 'description': False, 'due': None, 'dueComplete': False, 'lastUpdatedByAi': False, 'start': None, 'externalSource': None, 'attachmentsByType': {'trello': {'board': 0, 'card': 0}}, 'location': False, 'votes': 0, 'maliciousAttachments': 0, 'viewingMemberVoted': False, 'subscribed': False}",[],False,False,2025-05-12T22:49:48.936Z,,{'emoji': {}},,,,681e971bd9a39734b445f278,[],681e97341992fe3c3b2fd8b8,[],[],29,,"[{'id': '68227a48380f731798877ee6', 'idBoard': '681e971bd9a39734b445f278', 'idOrganization': '681e95bf55faa1fe8b9ecf06', 'name': 'FrontEnd', 'nodeId': 'ari:cloud:trello::label/workspace/681e95bf55faa1fe8b9ecf06/68227a48380f731798877ee6', 'color': 'yellow_dark', 'uses': 13}]",['68227a48380f731798877ee6'],False,Integração da Tela de Cadastro com o Back-End,ari:cloud:trello::card/workspace/681e95bf55faa1fe8b9ecf06/681ea1611ac45670f719c972,False,32736,AE7HliNP,https://trello.com/c/AE7HliNP,,False,https://trello.com/c/AE7HliNP/29-integra%C3%A7%C3%A3o-da-tela-de-cadastro-com-o-back-end,"{'idAttachment': None, 'color': None, 'idUploadedBackground': None, 'size': 'normal', 'brightness': 'dark', 'yPosition': 0.5, 'idPlugin': None}",False,,
681ea1814c2f4d3d1625c6ef,"{'name': None, 'conversationId': None}","{'attachments': 0, 'fogbugz': '', 'checkItems': 0, 'checkItemsChecked': 0, 'checkItemsEarliestDue': None, 'comments': 0, 'description': False, 'due': None, 'dueComplete': False, 'lastUpdatedByAi': False, 'start': None, 'externalSource': None, 'attachmentsByType': {'trello': {'board': 0, 'card': 0}}, 'location': False, 'votes': 0, 'maliciousAttachments': 0, 'viewingMemberVoted': False, 'subscribed': False}",[],False,False,2025-05-12T22:49:54.781Z,,{'emoji': {}},,,,681e971bd9a39734b445f278,[],681e97341992fe3c3b2fd8b8,[],[],30,,"[{'id': '68227a48380f731798877ee6', 'idBoard': '681e971bd9a39734b445f278', 'idOrganization': '681e95bf55faa1fe8b9ecf06', 'name': 'FrontEnd', 'nodeId': 'ari:cloud:trello::label/workspace/681e95bf55faa1fe8b9ecf06/68227a48380f731798877ee6', 'color': 'yellow_dark', 'uses': 13}]",['68227a48380f731798877ee6'],False,Integração da Tela de Anotações com o Back-End,ari:cloud:trello::card/workspace/681e95bf55faa1fe8b9ecf06/681ea1814c2f4d3d1625c6ef,False,32752,L0x7vy0Y,https://trello.com/c/L0x7vy0Y,,False,https://trello.com/c/L0x7vy0Y/30-integra%C3%A7%C3%A3o-da-tela-de-anota%C3%A7%C3%B5es-com-o-back-end,"{'idAttachment': None, 'color': None, 'idUploadedBackground': None, 'size': 'normal', 'brightness': 'dark', 'yPosition': 0.5, 'idPlugin': None}",False,,
681ea0c87bee355711500e89,"{'name': None, 'conversationId': None}","{'attachments': 0, 'fogbugz': '', 'checkItems': 0, 'checkItemsChecked': 0, 'checkItemsEarliestDue': None, 'comments': 0, 'description': False, 'due': None, 'dueComplete': False, 'lastUpdatedByAi': False, 'start': None, 'externalSource': None, 'attachmentsByType': {'trello': {'board': 0, 'card': 0}}, 'location': False, 'votes': 0, 'maliciousAttachments': 0, 'viewingMemberVoted': False, 'subscribed': False}",[],False,False,2025-05-10T00:41:58.815Z,,{'emoji': {}},,,,681e971bd9a39734b445f278,[],681e97341992fe3c3b2fd8b8,[],[],23,,"[{'id': '681e971bd9a39734b445f2c1', 'idBoard': '681e971bd9a39734b445f278', 'idOrganization': '681e95bf55faa1fe8b9ecf06', 'name': 'Banco de Dados', 'nodeId': 'ari:cloud:trello::label/workspace/681e95bf55faa1fe8b9ecf06/681e971bd9a39734b445f2c1', 'color': 'green', 'uses': 15}]",['681e971bd9a39734b445f2c1'],False,Integrações finais e ajustes com o back-end,ari:cloud:trello::card/workspace/681e95bf55faa1fe8b9ecf06/681ea0c87bee355711500e89,False,104192,gpVFjYVT,https://trello.com/c/gpVFjYVT,,False,https://trello.com/c/gpVFjYVT/23-integra%C3%A7%C3%B5es-finais-e-ajustes-com-o-back-end,"{'idAttachment': None, 'color': None, 'idUploadedBackground': None, 'size': 'normal', 'brightness': 'dark', 'yPosition': 0.5, 'idPlugin': None}",False,,
682faa19e52fa77a8bf30e11,"{'name': None, 'conversationId': None}","{'attachments': 0, 'fogbugz': '', 'checkItems': 0, 'checkItemsChecked': 0, 'checkItemsEarliestDue': None, 'comments': 0, 'description': False, 'due': None, 'dueComplete': False, 'lastUpdatedByAi': False, 'start': None, 'externalSource': None, 'attachmentsByType': {'trello': {'board': 0, 'card': 0}}, 'location': False, 'votes': 0, 'maliciousAttachments': 0, 'viewingMemberVoted': False, 'subscribed': False}",[],False,False,2025-05-23T00:03:16.155Z,,{'emoji': {}},,,,681e971bd9a39734b445f278,[],681e97341992fe3c3b2fd8b8,[],[],47,,"[{'id': '681e971bd9a39734b445f2c1', 'idBoard': '681e971bd9a39734b445f278', 'idOrganization': '681e95bf55faa1fe8b9ecf06', 'name': 'Banco de Dados', 'nodeId': 'ari:cloud:trello::label/workspace/681e95bf55faa1fe8b9ecf06/681e971bd9a39734b445f2c1', 'color': 'green', 'uses': 15}]",['681e971bd9a39734b445f2c1'],False,Analise de dados - Report Services,ari:cloud:trello::card/workspace/681e95bf55faa1fe8b9ecf06/682faa19e52fa77a8bf30e11,False,136960,bktH4jBJ,https://trello.com/c/bktH4jBJ,,False,https://trello.com/c/bktH4jBJ/47-analise-de-dados-report-services,"{'idAttachment': None, 'color': None, 'idUploadedBackground': None, 'size': 'normal', 'brightness': 'dark', 'yPosition': 0.5, 'idPlugin': None}",False,,
68268e2e7d1a6024aafb55ae,"{'name': None, 'conversationId': None}","{'attachments': 0, 'fogbugz': '', 'checkItems': 0, 'checkItemsChecked': 0, 'checkItemsEarliestDue': None, 'comments': 0, 'description': True, 'due': None, 'dueComplete': False, 'lastUpdatedByAi': False, 'start': None, 'externalSource': None, 'attachmentsByType': {'trello': {'board': 0, 'card': 0}}, 'location': False, 'votes': 0, 'maliciousAttachments': 0, 'viewingMemberVoted': False, 'subscribed': False}",[],False,False,2026-05-04T22:47:36.638Z,Teste cti,{'emoji': {}},,,,681e971bd9a39734b445f278,[],681e973b7773306f3ff05707,['681e965f46c2b26790f21917'],[],42,,"[{'id': '681e971bd9a39734b445f2c4', 'idBoard': '681e971bd9a39734b445f278', 'idOrganization': '681e95bf55faa1fe8b9ecf06', 'name': 'BackEnd', 'nodeId': 'ari:cloud:trello::label/workspace/681e95bf55faa1fe8b9ecf06/681e971bd9a39734b445f2c4', 'color': 'red', 'uses': 15}]",['681e971bd9a39734b445f2c4'],False,Teste cti,ari:cloud:trello::card/workspace/681e95bf55faa1fe8b9ecf06/68268e2e7d1a6024aafb55ae,False,129920,1lj0au9t,https://trello.com/c/1lj0au9t,,False,https://trello.com/c/1lj0au9t/42-teste-cti,"{'idAttachment': None, 'color': None, 'idUploadedBackground': None, 'size': 'normal', 'brightness': 'dark', 'yPosition': 0.5, 'idPlugin': None}",False,,
681ea0a66fffa7fc341d49e0,"{'name': None, 'conversationId': None}","{'attachments': 0, 'fogbugz': '', 'checkItems': 0, 'checkItemsChecked': 0, 'checkItemsEarliestDue': None, 'comments': 0, 'description': False, 'due': None, 'dueComplete': False, 'lastUpdatedByAi': False, 'start': None, 'externalSource': None, 'attachmentsByType': {'trello': {'board': 0, 'card': 0}}, 'location': False, 'votes': 0, 'maliciousAttachments': 0, 'viewingMemberVoted': False, 'subscribed': False}",[],False,False,2025-05-20T12:20:35.005Z,,{'emoji': {}},,,,681e971bd9a39734b445f278,[],681e973b7773306f3ff05707,[],[],22,,"[{'id': '68227a48380f731798877ee6', 'idBoard': '681e971bd9a39734b445f278', 'idOrganization': '681e95bf55faa1fe8b9ecf06', 'name': 'FrontEnd', 'nodeId': 'ari:cloud:trello::label/workspace/681e95bf55faa1fe8b9ecf06/68227a48380f731798877ee6', 'color': 'yellow_dark', 'uses': 13}]",['68227a48380f731798877ee6'],False,Tela de Notas - Listar Notas - JavaScript + React,ari:cloud:trello::card/workspace/681e95bf55faa1fe8b9ecf06/681ea0a66fffa7fc341d49e0,False,138096,VFuCKksq,https://trello.com/c/VFuCKksq,,False,https://trello.com/c/VFuCKksq/22-tela-de-notas-listar-notas-javascript-react,"{'idAttachment': None, 'color': None, 'idUploadedBackground': None, 'size': 'normal', 'brightness': 'dark', 'yPosition': 0.5, 'idPlugin': None}",False,,
681ea0ef53b7d48877292b35,"{'name': None, 'conversationId': None}","{'attachments': 0, 'fogbugz': '', 'checkItems': 0, 'checkItemsChecked': 0, 'checkItemsEarliestDue': None, 'comments': 0, 'description': False, 'due': None, 'dueComplete': False, 'lastUpdatedByAi': False, 'start': None, 'externalSource': None, 'attachmentsByType': {'trello': {'board': 0, 'card': 0}}, 'location': False, 'votes': 0, 'maliciousAttachments': 0, 'viewingMemberVoted': False, 'subscribed': False}",[],False,False,2025-05-26T22:06:54.076Z,,{'emoji': {}},,,,681e971bd9a39734b445f278,[],681e973b7773306f3ff05707,[],[],25,,"[{'id': '68227a48380f731798877ee6', 'idBoard': '681e971bd9a39734b445f278', 'idOrganization': '681e95bf55faa1fe8b9ecf06', 'name': 'FrontEnd', 'nodeId': 'ari:cloud:trello::label/workspace/681e95bf55faa1fe8b9ecf06/68227a48380f731798877ee6', 'color': 'yellow_dark', 'uses': 13}]",['68227a48380f731798877ee6'],False,Tela de Notas - Editar Notas - JavaScript + React,ari:cloud:trello::card/workspace/681e95bf55faa1fe8b9ecf06/681ea0ef53b7d48877292b35,False,139118,nRxlwwAA,https://trello.com/c/nRxlwwAA,,False,https://trello.com/c/nRxlwwAA/25-tela-de-notas-editar-notas-javascript-react,"{'idAttachment': None, 'color': None, 'idUploadedBackground': None, 'size': 'normal', 'brightness': 'dark', 'yPosition': 0.5, 'idPlugin': None}",False,,
6822716f8aa732b32d07a84a,"{'name': None, 'conversationId': None}","{'attachments': 0, 'fogbugz': '', 'checkItems': 12, 'checkItemsChecked': 0, 'checkItemsEarliestDue': None, 'comments': 0, 'description': False, 'due': None, 'dueComplete': False, 'lastUpdatedByAi': False, 'start': None, 'externalSource': None, 'attachmentsByType': {'trello': {'board': 0, 'card': 0}}, 'location': False, 'votes': 0, 'maliciousAttachments': 0, 'viewingMemberVoted': False, 'subscribed': False}",[],False,False,2025-05-15T21:42:32.747Z,,{'emoji': {}},,,,681e971bd9a39734b445f278,"['6822716f8aa732b32d07a87c', '6822716f8aa732b32d07a886', '6822716f8aa732b32d07a890']",681e973b7773306f3ff05707,['681e959222b5bb62db69782b'],[],32,,"[{'id': '681e971bd9a39734b445f2c4', 'idBoard': '681e971bd9a39734b445f278', 'idOrganization': '681e95bf55faa1fe8b9ecf06', 'name': 'BackEnd', 'nodeId': 'ari:cloud:trello::label/workspace/681e95bf55faa1fe8b9ecf06/681e971bd9a39734b445f2c4', 'color': 'red', 'uses': 15}]",['681e971bd9a39734b445f2c4'],False,Endpoints - Notas,ari:cloud:trello::card/workspace/681e95bf55faa1fe8b9ecf06/6822716f8aa732b32d07a84a,False,139264,gEbfbYoc,https://trello.com/c/gEbfbYoc,,False,https://trello.com/c/gEbfbYoc/32-endpoints-notas,"{'idAttachment': None, 'color': None, 'idUploadedBackground': None, 'size': 'normal', 'brightness': 'dark', 'yPosition': 0.5, 'idPlugin': None}",False,,
6823c3833c84b867b3ce4e15,"{'name': None, 'conversationId': None}","{'attachments': 0, 'fogbugz': '', 'checkItems': 6, 'checkItemsChecked': 6, 'checkItemsEarliestDue': None, 'comments': 0, 'description': False, 'due': None, 'dueComplete': True, 'lastUpdatedByAi': False, 'start': None, 'externalSource': None, 'attachmentsByType': {'trello': {'board': 0, 'card': 0}}, 'location': False, 'votes': 0, 'maliciousAttachments': 0, 'viewingMemberVoted': False, 'subscribed': False}","[{'idCheckItem': '6823cf7ef1704f5f0823756a', 'state': 'complete'}, {'idCheckItem': '6823cf8ae1c4132af2dcb18e', 'state': 'complete'}, {'idCheckItem': '6823cf920470caafc3cae141', 'state': 'complete'}, {'idCheckItem': '6823d018d2e6b287df46258c', 'state': 'complete'}, {'idCheckItem': '6823d0b68276eaa6dd16b6fd', 'state': 'complete'}, {'idCheckItem': '6823d0bcc3ef51e788f2471a', 'state': 'complete'}]",False,True,2025-05-14T00:23:45.473Z,,{'emoji': {}},,,,681e971bd9a39734b445f278,"['6823cf12ff34627df3abce07', '6823d00be1c4132af2de415b', '6823d095c812b3d4225dc4d7']",681e9762d4d2e5751bb8eb11,"['681e959222b5bb62db69782b', '681e965f46c2b26790f21917']",[],37,,"[{'id': '681e971bd9a39734b445f2c4', 'idBoard': '681e971bd9a39734b445f278', 'idOrganization': '681e95bf55faa1fe8b9ecf06', 'name': 'BackEnd', 'nodeId': 'ari:cloud:trello::label/workspace/681e95bf55faa1fe8b9ecf06/681e971bd9a39734b445f2c4', 'color': 'red', 'uses': 15}]",['681e971bd9a39734b445f2c4'],False,Criar estrutura do projeto,ari:cloud:trello::card/workspace/681e95bf55faa1fe8b9ecf06/6823c3833c84b867b3ce4e15,False,4096,5ovDIjE5,https://trello.com/c/5ovDIjE5,,False,https://trello.com/c/5ovDIjE5/37-criar-estrutura-do-projeto,"{'idAttachment': None, 'color': None, 'idUploadedBackground': None, 'size': 'normal', 'brightness': 'dark', 'yPosition': 0.5, 'idPlugin': None}",False,,
681ea13b69182208e3a89fdf,"{'name': None, 'conversationId': None}","{'attachments': 0, 'fogbugz': '', 'checkItems': 12, 'checkItemsChecked': 12, 'checkItemsEarliestDue': None, 'comments': 0, 'description': False, 'due': None, 'dueComplete': False, 'lastUpdatedByAi': False, 'start': None, 'externalSource': None, 'attachmentsByType': {'trello': {'board': 0, 'card': 0}}, 'location': False, 'votes': 0, 'maliciousAttachments': 0, 'viewingMemberVoted': False, 'subscribed': False}","[{'idCheckItem': '681ea13b69182208e3a8a012', 'state': 'complete'}, {'idCheckItem': '681ea13b69182208e3a8a013', 'state': 'complete'}, {'idCheckItem': '681ea13b69182208e3a8a014', 'state': 'complete'}, {'idCheckItem': '681ea13b69182208e3a8a015', 'state': 'complete'}, {'idCheckItem': '681ea13b69182208e3a8a01c', 'state': 'complete'}, {'idCheckItem': '681ea13b69182208e3a8a01d', 'state': 'complete'}, {'idCheckItem': '681ea13b69182208e3a8a01e', 'state': 'complete'}, {'idCheckItem': '681ea13b69182208e3a8a01f', 'state': 'complete'}, {'idCheckItem': '681ea13b69182208e3a8a026', 'state': 'complete'}, {'idCheckItem': '681ea13b69182208e3a8a027', 'state': 'complete'}, {'idCheckItem': '681ea13b69182208e3a8a028', 'state': 'complete'}, {'idCheckItem': '681ea13b69182208e3a8a029', 'state': 'complete'}]",False,False,2025-05-15T23:34:21.779Z,,{'emoji': {}},,,,681e971bd9a39734b445f278,"['681ea13b69182208e3a8a011', '681ea13b69182208e3a8a01b', '681ea13b69182208e3a8a025']",681e9762d4d2e5751bb8eb11,['681e965f46c2b26790f21917'],[],27,,"[{'id': '681e971bd9a39734b445f2c4', 'idBoard': '681e971bd9a39734b445f278', 'idOrganization': '681e95bf55faa1fe8b9ecf06', 'name': 'BackEnd', 'nodeId': 'ari:cloud:trello::label/workspace/681e95bf55faa1fe8b9ecf06/681e971bd9a39734b445f2c4', 'color': 'red', 'uses': 15}]",['681e971bd9a39734b445f2c4'],False,Endpoints - Cadastro de Usuário,ari:cloud:trello::card/workspace/681e95bf55faa1fe8b9ecf06/681ea13b69182208e3a89fdf,False,4864,CIgeaIOI,https://trello.com/c/CIgeaIOI,,False,https://trello.com/c/CIgeaIOI/27-endpoints-cadastro-de-usu%C3%A1rio,"{'idAttachment': None, 'color': None, 'idUploadedBackground': None, 'size': 'normal', 'brightness': 'dark', 'yPosition': 0.5, 'idPlugin': None}",False,,
68268e0678c1a8deb92a2289,"{'name': None, 'conversationId': None}","{'attachments': 0, 'fogbugz': '', 'checkItems': 0, 'checkItemsChecked': 0, 'checkItemsEarliestDue': None, 'comments': 0, 'description': False, 'due': None, 'dueComplete': True, 'lastUpdatedByAi': False, 'start': None, 'externalSource': None, 'attachmentsByType': {'trello': {'board': 0, 'card': 0}}, 'location': False, 'votes': 0, 'maliciousAttachments': 0, 'viewingMemberVoted': False, 'subscribed': False}",[],False,True,2025-05-16T22:19:49.663Z,,{'emoji': {}},,,,681e971bd9a39734b445f278,[],681e9762d4d2e5751bb8eb11,['681e965f46c2b26790f21917'],[],41,,"[{'id': '681e971bd9a39734b445f2c4', 'idBoard': '681e971bd9a39734b445f278', 'idOrganization': '681e95bf55faa1fe8b9ecf06', 'name': 'BackEnd', 'nodeId': 'ari:cloud:trello::label/workspace/681e95bf55faa1fe8b9ecf06/681e971bd9a39734b445f2c4', 'color': 'red', 'uses': 15}]",['681e971bd9a39734b445f2c4'],False,token,ari:cloud:trello::card/workspace/681e95bf55faa1fe8b9ecf06/68268e0678c1a8deb92a2289,False,5248,4qLnjGWN,https://trello.com/c/4qLnjGWN,,False,https://trello.com/c/4qLnjGWN/41-token,"{'idAttachment': None, 'color': None, 'idUploadedBackground': None, 'size': 'normal', 'brightness': 'dark', 'yPosition': 0.5, 'idPlugin': None}",False,,
682271ef44b0ec14fc3c4238,"{'name': None, 'conversationId': None}","{'attachments': 0, 'fogbugz': '', 'checkItems': 12, 'checkItemsChecked': 0, 'checkItemsEarliestDue': None, 'comments': 0, 'description': True, 'due': None, 'dueComplete': False, 'lastUpdatedByAi': False, 'start': None, 'externalSource': None, 'attachmentsByType': {'trello': {'board': 0, 'card': 0}}, 'location': False, 'votes': 0, 'maliciousAttachments': 0, 'viewingMemberVoted': False, 'subscribed': False}",[],False,False,2025-05-26T23:07:33.645Z,"Endereco da API publicada na Azure: [Swagger UI](https://apisenainotesg5foryou.azurewebsites.net/swagger/index.html ""‌"")",{'emoji': {}},,,,681e971bd9a39734b445f278,"['682271ef44b0ec14fc3c426a', '682271ef44b0ec14fc3c4274', '682271ef44b0ec14fc3c427e']",681e9762d4d2e5751bb8eb11,['681e959222b5bb62db69782b'],[],35,,"[{'id': '681e971bd9a39734b445f2c4', 'idBoard': '681e971bd9a39734b445f278', 'idOrganization': '681e95bf55faa1fe8b9ecf06', 'name': 'BackEnd', 'nodeId': 'ari:cloud:trello::label/workspace/681e95bf55faa1fe8b9ecf06/681e971bd9a39734b445f2c4', 'color': 'red', 'uses': 15}]",['681e971bd9a39734b445f2c4'],False,Publicação da API,ari:cloud:trello::card/workspace/681e95bf55faa1fe8b9ecf06/682271ef44b0ec14fc3c4238,False,5344,0An5HogF,https://trello.com/c/0An5HogF,,False,https://trello.com/c/0An5HogF/35-publica%C3%A7%C3%A3o-da-api,"{'idAttachment': None, 'color': None, 'idUploadedBackground': None, 'size': 'normal', 'brightness': 'dark', 'yPosition': 0.5, 'idPlugin': None}",False,,
68268de4bf1cc2744373c679,"{'name': None, 'conversationId': None}","{'attachments': 0, 'fogbugz': '', 'checkItems': 0, 'checkItemsChecked': 0, 'checkItemsEarliestDue': None, 'comments': 0, 'description': False, 'due': None, 'dueComplete': True, 'lastUpdatedByAi': False, 'start': None, 'externalSource': None, 'attachmentsByType': {'trello': {'board': 0, 'card': 0}}, 'location': False, 'votes': 0, 'maliciousAttachments': 0, 'viewingMemberVoted': False, 'subscribed': False}",[],False,True,2025-05-16T22:33:42.305Z,,{'emoji': {}},,,,681e971bd9a39734b445f278,[],681e9762d4d2e5751bb8eb11,['681e965f46c2b26790f21917'],[],40,,"[{'id': '681e971bd9a39734b445f2c4', 'idBoard': '681e971bd9a39734b445f278', 'idOrganization': '681e95bf55faa1fe8b9ecf06', 'name': 'BackEnd', 'nodeId': 'ari:cloud:trello::label/workspace/681e95bf55faa1fe8b9ecf06/681e971bd9a39734b445f2c4', 'color': 'red', 'uses': 15}]",['681e971bd9a39734b445f2c4'],False,hash,ari:cloud:trello::card/workspace/681e95bf55faa1fe8b9ecf06/68268de4bf1cc2744373c679,False,5440,Ikx5xRz9,https://trello.com/c/Ikx5xRz9,,False,https://trello.com/c/Ikx5xRz9/40-hash,"{'idAttachment': None, 'color': None, 'idUploadedBackground': None, 'size': 'normal', 'brightness': 'dark', 'yPosition': 0.5, 'idPlugin': None}",False,,
681e989821790e6249b89418,"{'name': None, 'conversationId': None}","{'attachments': 0, 'fogbugz': '', 'checkItems': 12, 'checkItemsChecked': 12, 'checkItemsEarliestDue': None, 'comments': 1, 'description': False, 'due': None, 'dueComplete': True, 'lastUpdatedByAi': False, 'start': None, 'externalSource': None, 'attachmentsByType': {'trello': {'board': 0, 'card': 0}}, 'location': False, 'votes': 0, 'maliciousAttachments': 0, 'viewingMemberVoted': False, 'subscribed': False}","[{'idCheckItem': '681e9b565256a8225d983870', 'state': 'complete'}, {'idCheckItem': '681e9b66ac918e63c148b690', 'state': 'complete'}, {'idCheckItem': '681e9b9025545bbb31c16a2a', 'state': 'complete'}, {'idCheckItem': '681e9b942019268dc8fa8be0', 'state': 'complete'}, {'idCheckItem': '681e9bbb395a6b78c3cf9256', 'state': 'complete'}, {'idCheckItem': '681e9bc817ea157cdaed8df7', 'state': 'complete'}, {'idCheckItem': '681e9bce1cc9b8a2b3e2e5fd', 'state': 'complete'}, {'idCheckItem': '681e9bd08b31cc8d27863546', 'state': 'complete'}, {'idCheckItem': '681e9bea9d2e3c9e3c0e78d4', 'state': 'complete'}, {'idCheckItem': '681e9bf1a0b12b48dd8f150b', 'state': 'complete'}, {'idCheckItem': '681e9bf46546de02f43fda21', 'state': 'complete'}, {'idCheckItem': '681e9bf77ae3e5319b175bbf', 'state': 'complete'}]",False,True,2025-05-15T22:51:32.242Z,,{'emoji': {}},,,,681e971bd9a39734b445f278,"['681e9af3d265ad9f96011d33', '681e9baf873db175ec9b3d7a', '681e9be5bacdf859db234ab1']",681e9762d4d2e5751bb8eb11,['681e965f46c2b26790f21917'],[],2,,"[{'id': '681e971bd9a39734b445f2c4', 'idBoard': '681e971bd9a39734b445f278', 'idOrganization': '681e95bf55faa1fe8b9ecf06', 'name': 'BackEnd', 'nodeId': 'ari:cloud:trello::label/workspace/681e95bf55faa1fe8b9ecf06/681e971bd9a39734b445f2c4', 'color': 'red', 'uses': 15}]",['681e971bd9a39734b445f2c4'],False,Endpoints - Login,ari:cloud:trello::card/workspace/681e95bf55faa1fe8b9ecf06/681e989821790e6249b89418,False,5632,67xCuHIB,https://trello.com/c/67xCuHIB,,False,https://trello.com/c/67xCuHIB/2-endpoints-login,"{'idAttachment': None, 'color': None, 'idUploadedBackground': None, 'size': 'normal', 'brightness': 'dark', 'yPosition': 0.5, 'idPlugin': None}",False,,
6822715073c4286e78bada92,"{'name': None, 'conversationId': None}","{'attachments': 0, 'fogbugz': '', 'checkItems': 12, 'checkItemsChecked': 12, 'checkItemsEarliestDue': None, 'comments': 0, 'description': False, 'due': None, 'dueComplete': False, 'lastUpdatedByAi': False, 'start': None, 'externalSource': None, 'attachmentsByType': {'trello': {'board': 0, 'card': 0}}, 'location': False, 'votes': 0, 'maliciousAttachments': 0, 'viewingMemberVoted': False, 'subscribed': False}","[{'idCheckItem': '6822715073c4286e78badac5', 'state': 'complete'}, {'idCheckItem': '6822715073c4286e78badac6', 'state': 'complete'}, {'idCheckItem': '6822715073c4286e78badac7', 'state': 'complete'}, {'idCheckItem': '6822715073c4286e78badac8', 'state': 'complete'}, {'idCheckItem': '6822715073c4286e78badacf', 'state': 'complete'}, {'idCheckItem': '6822715073c4286e78badad0', 'state': 'complete'}, {'idCheckItem': '6822715073c4286e78badad1', 'state': 'complete'}, {'idCheckItem': '6822715073c4286e78badad2', 'state': 'complete'}, {'idCheckItem': '6822715073c4286e78badad9', 'state': 'complete'}, {'idCheckItem': '6822715073c4286e78badada', 'state': 'complete'}, {'idCheckItem': '6822715073c4286e78badadb', 'state': 'complete'}, {'idCheckItem': '6822715073c4286e78badadc', 'state': 'complete'}]",False,False,2025-05-15T21:42:10.048Z,,{'emoji': {}},,,,681e971bd9a39734b445f278,"['6822715073c4286e78badac4', '6822715073c4286e78badace', '6822715073c4286e78badad8']",681e9762d4d2e5751bb8eb11,['681e959222b5bb62db69782b'],[],31,,"[{'id': '681e971bd9a39734b445f2c4', 'idBoard': '681e971bd9a39734b445f278', 'idOrganization': '681e95bf55faa1fe8b9ecf06', 'name': 'BackEnd', 'nodeId': 'ari:cloud:trello::label/workspace/681e95bf55faa1fe8b9ecf06/681e971bd9a39734b445f2c4', 'color': 'red', 'uses': 15}]",['681e971bd9a39734b445f2c4'],False,Endpoints - Tags (Categoria),ari:cloud:trello::card/workspace/681e95bf55faa1fe8b9ecf06/6822715073c4286e78bada92,False,7168,lxhtFFVc,https://trello.com/c/lxhtFFVc,,False,https://trello.com/c/lxhtFFVc/31-endpoints-tags-categoria,"{'idAttachment': None, 'color': None, 'idUploadedBackground': None, 'size': 'normal', 'brightness': 'dark', 'yPosition': 0.5, 'idPlugin': None}",False,,
681e9f6a89e1c13badf71f0d,"{'name': None, 'conversationId': None}","{'attachments': 0, 'fogbugz': '', 'checkItems': 0, 'checkItemsChecked': 0, 'checkItemsEarliestDue': None, 'comments': 0, 'description': False, 'due': None, 'dueComplete': True, 'lastUpdatedByAi': False, 'start': None, 'externalSource': None, 'attachmentsByType': {'trello': {'board': 0, 'card': 0}}, 'location': False, 'votes': 0, 'maliciousAttachments': 0, 'viewingMemberVoted': False, 'subscribed': False}",[],False,True,2025-05-14T03:29:42.610Z,,{'emoji': {}},,,,681e971bd9a39734b445f278,['681ea1f32a18c5ab43dac0a6'],681e9762d4d2e5751bb8eb11,[],[],5,,"[{'id': '68227a48380f731798877ee6', 'idBoard': '681e971bd9a39734b445f278', 'idOrganization': '681e95bf55faa1fe8b9ecf06', 'name': 'FrontEnd', 'nodeId': 'ari:cloud:trello::label/workspace/681e95bf55faa1fe8b9ecf06/68227a48380f731798877ee6', 'color': 'yellow_dark', 'uses': 13}, {'id': '68227a5790b1c1000989b43b', 'idBoard': '681e971bd9a39734b445f278', 'idOrganization': '681e95bf55faa1fe8b9ecf06', 'name': 'Sprint 1', 'nodeId': 'ari:cloud:trello::label/workspace/681e95bf55faa1fe8b9ecf06/68227a5790b1c1000989b43b', 'color': 'blue', 'uses': 1}]","['68227a48380f731798877ee6', '68227a5790b1c1000989b43b']",False,Tela de Login - HTML + CSS,ari:cloud:trello::card/workspace/681e95bf55faa1fe8b9ecf06/681e9f6a89e1c13badf71f0d,False,10240,IL8nVtza,https://trello.com/c/IL8nVtza,,False,https://trello.com/c/IL8nVtza/5-tela-de-login-html-css,"{'idAttachment': None, 'color': None, 'idUploadedBackground': None, 'size': 'normal', 'brightness': 'dark', 'yPosition': 0.5, 'idPlugin': None}",False,,
681e9fc74747708abb8b35d3,"{'name': None, 'conversationId': None}","{'attachments': 0, 'fogbugz': '', 'checkItems': 0, 'checkItemsChecked': 0, 'checkItemsEarliestDue': None, 'comments': 0, 'description': False, 'due': None, 'dueComplete': True, 'lastUpdatedByAi': False, 'start': None, 'externalSource': None, 'attachmentsByType': {'trello': {'board': 0, 'card': 0}}, 'location': False, 'votes': 0, 'maliciousAttachments': 0, 'viewingMemberVoted': False, 'subscribed': False}",[],False,True,2025-05-16T14:50:26.587Z,,{'emoji': {}},,,,681e971bd9a39734b445f278,[],681e9762d4d2e5751bb8eb11,[],[],8,,"[{'id': '68227a48380f731798877ee6', 'idBoard': '681e971bd9a39734b445f278', 'idOrganization': '681e95bf55faa1fe8b9ecf06', 'name': 'FrontEnd', 'nodeId': 'ari:cloud:trello::label/workspace/681e95bf55faa1fe8b9ecf06/68227a48380f731798877ee6', 'color': 'yellow_dark', 'uses': 13}]",['68227a48380f731798877ee6'],False,Tela de Cadastro de Usuário - HTML + CSS,ari:cloud:trello::card/workspace/681e95bf55faa1fe8b9ecf06/681e9fc74747708abb8b35d3,False,13312,EfmsG6Du,https://trello.com/c/EfmsG6Du,,False,https://trello.com/c/EfmsG6Du/8-tela-de-cadastro-de-usu%C3%A1rio-html-css,"{'idAttachment': None, 'color': None, 'idUploadedBackground': None, 'size': 'normal', 'brightness': 'dark', 'yPosition': 0.5, 'idPlugin': None}",False,,
681ea014a610a7ae3e0dcc9b,"{'name': None, 'conversationId': None}","{'attachments': 0, 'fogbugz': '', 'checkItems': 0, 'checkItemsChecked': 0, 'checkItemsEarliestDue': None, 'comments': 0, 'description': False, 'due': None, 'dueComplete': True, 'lastUpdatedByAi': False, 'start': None, 'externalSource': None, 'attachmentsByType': {'trello': {'board': 0, 'card': 0}}, 'location': False, 'votes': 0, 'maliciousAttachments': 0, 'viewingMemberVoted': False, 'subscribed': False}",[],False,True,2025-05-19T22:26:32.535Z,,{'emoji': {}},,,,681e971bd9a39734b445f278,[],681e9762d4d2e5751bb8eb11,[],[],12,,"[{'id': '68227a48380f731798877ee6', 'idBoard': '681e971bd9a39734b445f278', 'idOrganization': '681e95bf55faa1fe8b9ecf06', 'name': 'FrontEnd', 'nodeId': 'ari:cloud:trello::label/workspace/681e95bf55faa1fe8b9ecf06/68227a48380f731798877ee6', 'color': 'yellow_dark', 'uses': 13}]",['68227a48380f731798877ee6'],False,Tela de Notas - HTML + CSS,ari:cloud:trello::card/workspace/681e95bf55faa1fe8b9ecf06/681ea014a610a7ae3e0dcc9b,False,14848,HWt0XJwq,https://trello.com/c/HWt0XJwq,,False,https://trello.com/c/HWt0XJwq/12-tela-de-notas-html-css,"{'idAttachment': None, 'color': None, 'idUploadedBackground': None, 'size': 'normal', 'brightness': 'dark', 'yPosition': 0.5, 'idPlugin': None}",False,,
681ea03be165992e1d58c841,"{'name': None, 'conversationId': None}","{'attachments': 0, 'fogbugz': '', 'checkItems': 0, 'checkItemsChecked': 0, 'checkItemsEarliestDue': None, 'comments': 0, 'description': False, 'due': None, 'dueComplete': True, 'lastUpdatedByAi': False, 'start': None, 'externalSource': None, 'attachmentsByType': {'trello': {'board': 0, 'card': 0}}, 'location': False, 'votes': 0, 'maliciousAttachments': 0, 'viewingMemberVoted': False, 'subscribed': False}",[],False,True,2025-05-26T22:11:24.443Z,,{'emoji': {}},,,,681e971bd9a39734b445f278,[],681e9762d4d2e5751bb8eb11,[],[],19,,"[{'id': '68227a48380f731798877ee6', 'idBoard': '681e971bd9a39734b445f278', 'idOrganization': '681e95bf55faa1fe8b9ecf06', 'name': 'FrontEnd', 'nodeId': 'ari:cloud:trello::label/workspace/681e95bf55faa1fe8b9ecf06/68227a48380f731798877ee6', 'color': 'yellow_dark', 'uses': 13}]",['68227a48380f731798877ee6'],False,Tela de Cadastro de Usuário -  JavaScript + React,ari:cloud:trello::card/workspace/681e95bf55faa1fe8b9ecf06/681ea03be165992e1d58c841,False,15040,nejCLT6V,https://trello.com/c/nejCLT6V,,False,https://trello.com/c/nejCLT6V/19-tela-de-cadastro-de-usu%C3%A1rio-javascript-react,"{'idAttachment': None, 'color': None, 'idUploadedBackground': None, 'size': 'normal', 'brightness': 'dark', 'yPosition': 0.5, 'idPlugin': None}",False,,
681e988c36364984f2f82b7c,"{'name': None, 'conversationId': None}","{'attachments': 0, 'fogbugz': '', 'checkItems': 0, 'checkItemsChecked': 0, 'checkItemsEarliestDue': None, 'comments': 0, 'description': False, 'due': None, 'dueComplete': True, 'lastUpdatedByAi': False, 'start': None, 'externalSource': None, 'attachmentsByType': {'trello': {'board': 0, 'card': 0}}, 'location': False, 'votes': 0, 'maliciousAttachments': 0, 'viewingMemberVoted': False, 'subscribed': False}",[],False,True,2025-05-26T22:11:15.456Z,,{'emoji': {}},,,,681e971bd9a39734b445f278,['681e9ba7ad529b35b8d1a178'],681e9762d4d2e5751bb8eb11,[],[],1,,"[{'id': '68227a48380f731798877ee6', 'idBoard': '681e971bd9a39734b445f278', 'idOrganization': '681e95bf55faa1fe8b9ecf06', 'name': 'FrontEnd', 'nodeId': 'ari:cloud:trello::label/workspace/681e95bf55faa1fe8b9ecf06/68227a48380f731798877ee6', 'color': 'yellow_dark', 'uses': 13}]",['68227a48380f731798877ee6'],False,Tela de Login - JavaScript + React,ari:cloud:trello::card/workspace/681e95bf55faa1fe8b9ecf06/681e988c36364984f2f82b7c,False,15232,VZ2hOXQ8,https://trello.com/c/VZ2hOXQ8,,False,https://trello.com/c/VZ2hOXQ8/1-tela-de-login-javascript-react,"{'idAttachment': None, 'color': None, 'idUploadedBackground': None, 'size': 'normal', 'brightness': 'dark', 'yPosition': 0.5, 'idPlugin': None}",False,,
681ea113e2415da4b2d494fb,"{'name': None, 'conversationId': None}","{'attachments': 0, 'fogbugz': '', 'checkItems': 0, 'checkItemsChecked': 0, 'checkItemsEarliestDue': None, 'comments': 0, 'description': False, 'due': None, 'dueComplete': True, 'lastUpdatedByAi': False, 'start': None, 'externalSource': None, 'attachmentsByType': {'trello': {'board': 0, 'card': 0}}, 'location': False, 'votes': 0, 'maliciousAttachments': 0, 'viewingMemberVoted': False, 'subscribed': False}",[],False,True,2025-05-26T22:11:06.238Z,,{'emoji': {}},,,,681e971bd9a39734b445f278,[],681e9762d4d2e5751bb8eb11,[],[],26,,"[{'id': '68227a48380f731798877ee6', 'idBoard': '681e971bd9a39734b445f278', 'idOrganization': '681e95bf55faa1fe8b9ecf06', 'name': 'FrontEnd', 'nodeId': 'ari:cloud:trello::label/workspace/681e95bf55faa1fe8b9ecf06/68227a48380f731798877ee6', 'color': 'yellow_dark', 'uses': 13}]",['68227a48380f731798877ee6'],False,Tela de Notas - Deletar Notas - JavaScript + React,ari:cloud:trello::card/workspace/681e95bf55faa1fe8b9ecf06/681ea113e2415da4b2d494fb,False,15616,d3JjTq30,https://trello.com/c/d3JjTq30,,False,https://trello.com/c/d3JjTq30/26-tela-de-notas-deletar-notas-javascript-react,"{'idAttachment': None, 'color': None, 'idUploadedBackground': None, 'size': 'normal', 'brightness': 'dark', 'yPosition': 0.5, 'idPlugin': None}",False,,
681ea0d073a3ad8c864a7889,"{'name': None, 'conversationId': None}","{'attachments': 0, 'fogbugz': '', 'checkItems': 0, 'checkItemsChecked': 0, 'checkItemsEarliestDue': None, 'comments': 0, 'description': False, 'due': None, 'dueComplete': True, 'lastUpdatedByAi': False, 'start': None, 'externalSource': None, 'attachmentsByType': {'trello': {'board': 0, 'card': 0}}, 'location': False, 'votes': 0, 'maliciousAttachments': 0, 'viewingMemberVoted': False, 'subscribed': False}",[],False,True,2025-05-26T22:11:11.825Z,,{'emoji': {}},,,,681e971bd9a39734b445f278,[],681e9762d4d2e5751bb8eb11,[],[],24,,"[{'id': '68227a48380f731798877ee6', 'idBoard': '681e971bd9a39734b445f278', 'idOrganization': '681e95bf55faa1fe8b9ecf06', 'name': 'FrontEnd', 'nodeId': 'ari:cloud:trello::label/workspace/681e95bf55faa1fe8b9ecf06/68227a48380f731798877ee6', 'color': 'yellow_dark', 'uses': 13}]",['68227a48380f731798877ee6'],False,Tela de Notas - Cadastrar Notas - JavaScript + React,ari:cloud:trello::card/workspace/681e95bf55faa1fe8b9ecf06/681ea0d073a3ad8c864a7889,False,16000,vFqKLkzN,https://trello.com/c/vFqKLkzN,,False,https://trello.com/c/vFqKLkzN/24-tela-de-notas-cadastrar-notas-javascript-react,"{'idAttachment': None, 'color': None, 'idUploadedBackground': None, 'size': 'normal', 'brightness': 'dark', 'yPosition': 0.5, 'idPlugin': None}",False,,
681ea007f7e76daa2c38a247,"{'name': None, 'conversationId': None}","{'attachments': 3, 'fogbugz': '', 'checkItems': 0, 'checkItemsChecked': 0, 'checkItemsEarliestDue': None, 'comments': 1, 'description': True, 'due': None, 'dueComplete': True, 'lastUpdatedByAi': False, 'start': None, 'externalSource': None, 'attachmentsByType': {'trello': {'board': 0, 'card': 0}}, 'location': False, 'votes': 0, 'maliciousAttachments': 0, 'viewingMemberVoted': False, 'subscribed': True}",[],False,True,2025-05-15T22:05:07.072Z,script de criação de tabelas banco de dados no sql sever.,{'emoji': {}},,,,681e971bd9a39734b445f278,[],681e9762d4d2e5751bb8eb11,[],[],11,,"[{'id': '681e971bd9a39734b445f2c1', 'idBoard': '681e971bd9a39734b445f278', 'idOrganization': '681e95bf55faa1fe8b9ecf06', 'name': 'Banco de Dados', 'nodeId': 'ari:cloud:trello::label/workspace/681e95bf55faa1fe8b9ecf06/681e971bd9a39734b445f2c1', 'color': 'green', 'uses': 15}]",['681e971bd9a39734b445f2c1'],False,Criação de tabelas,ari:cloud:trello::card/workspace/681e95bf55faa1fe8b9ecf06/681ea007f7e76daa2c38a247,False,16384,qLPNuNeM,https://trello.com/c/qLPNuNeM,,True,https://trello.com/c/qLPNuNeM/11-cria%C3%A7%C3%A3o-de-tabelas,"{'idAttachment': None, 'color': None, 'idUploadedBackground': None, 'size': 'normal', 'brightness': 'dark', 'yPosition': 0.5, 'idPlugin': None}",False,,
681e9fe67ee745aab3103367,"{'name': None, 'conversationId': None}","{'attachments': 1, 'fogbugz': '', 'checkItems': 0, 'checkItemsChecked': 0, 'checkItemsEarliestDue': None, 'comments': 0, 'description': True, 'due': None, 'dueComplete': False, 'lastUpdatedByAi': False, 'start': None, 'externalSource': None, 'attachmentsByType': {'trello': {'board': 0, 'card': 1}}, 'location': False, 'votes': 0, 'maliciousAttachments': 0, 'viewingMemberVoted': False, 'subscribed': True}",[],False,False,2025-05-15T23:32:59.780Z,"Criação da modelagem conceitual, lógica e física",{'emoji': {}},,,,681e971bd9a39734b445f278,[],681e9762d4d2e5751bb8eb11,"['68227b007b5798f301e2cedf', '68229456f0a7926aec983418']",[],9,,"[{'id': '681e971bd9a39734b445f2c1', 'idBoard': '681e971bd9a39734b445f278', 'idOrganization': '681e95bf55faa1fe8b9ecf06', 'name': 'Banco de Dados', 'nodeId': 'ari:cloud:trello::label/workspace/681e95bf55faa1fe8b9ecf06/681e971bd9a39734b445f2c1', 'color': 'green', 'uses': 15}]",['681e971bd9a39734b445f2c1'],False,Modelagem Física,ari:cloud:trello::card/workspace/681e95bf55faa1fe8b9ecf06/681e9fe67ee745aab3103367,False,81920,UKYhKwnk,https://trello.com/c/UKYhKwnk,,True,https://trello.com/c/UKYhKwnk/9-modelagem-f%C3%ADsica,"{'idAttachment': None, 'color': None, 'idUploadedBackground': None, 'size': 'normal', 'brightness': 'dark', 'yPosition': 0.5, 'idPlugin': None}",False,,
681e98f8bc2f7d34e37e6473,"{'name': None, 'conversationId': None}","{'attachments': 1, 'fogbugz': '', 'checkItems': 0, 'checkItemsChecked': 0, 'checkItemsEarliestDue': None, 'comments': 0, 'description': True, 'due': None, 'dueComplete': False, 'lastUpdatedByAi': False, 'start': None, 'externalSource': None, 'attachmentsByType': {'trello': {'board': 0, 'card': 0}}, 'location': False, 'votes': 0, 'maliciousAttachments': 0, 'viewingMemberVoted': False, 'subscribed': False}",[],False,False,2025-05-16T00:28:08.805Z,"idealizei o banco de dados fisico, com o script a ser executado no sql sever, al[em de ter desenvolvido uma documentação que explica as tabelas e colunas do banco de dados",{'emoji': {}},,,,681e971bd9a39734b445f278,[],681e9762d4d2e5751bb8eb11,[],[],3,,"[{'id': '681e971bd9a39734b445f2c1', 'idBoard': '681e971bd9a39734b445f278', 'idOrganization': '681e95bf55faa1fe8b9ecf06', 'name': 'Banco de Dados', 'nodeId': 'ari:cloud:trello::label/workspace/681e95bf55faa1fe8b9ecf06/681e971bd9a39734b445f2c1', 'color': 'green', 'uses': 15}]",['681e971bd9a39734b445f2c1'],False,Modelagem Lógica,ari:cloud:trello::card/workspace/681e95bf55faa1fe8b9ecf06/681e98f8bc2f7d34e37e6473,False,98304,ak2VVwB7,https://trello.com/c/ak2VVwB7,,False,https://trello.com/c/ak2VVwB7/3-modelagem-l%C3%B3gica,"{'idAttachment': None, 'color': None, 'idUploadedBackground': None, 'size': 'normal', 'brightness': 'dark', 'yPosition': 0.5, 'idPlugin': None}",False,,
681ea0a3d1b099501e01aec8,"{'name': None, 'conversationId': None}","{'attachments': 5, 'fogbugz': '', 'checkItems': 0, 'checkItemsChecked': 0, 'checkItemsEarliestDue': None, 'comments': 0, 'description': True, 'due': None, 'dueComplete': False, 'lastUpdatedByAi': False, 'start': None, 'externalSource': None, 'attachmentsByType': {'trello': {'board': 0, 'card': 0}}, 'location': False, 'votes': 0, 'maliciousAttachments': 0, 'viewingMemberVoted': False, 'subscribed': False}",[],False,False,2025-05-16T00:42:37.862Z,"Informações de conexão com o Banco de Dados (Azure)

‌

String de Conexão:
Server=tcp:databasedbg5.database.windows.net,1433;Initial Catalog=dbg5;Persist Security Info=False;User ID=back_ingrid;Password=senha@123;MultipleActiveResultSets=False;Encrypt=True;TrustServerCertificate=False;Connection Timeout=30;

Nome do Servidor:
[databasedbg5.database.windows.net](http://databasedbg5.database.windows.net ""‌"")

Login/Senha:

---

\--loginbackend ingrid
LOGIN back_ingrid
PASSWORD = senha@123

\-string de conexão ingrid

Server=tcp:databasedbg5.database.windows.net,1433;Initial Catalog=dbg5;Persist Security Info=False;User ID=back_ingrid;Password=senha@123;MultipleActiveResultSets=False;Encrypt=True;TrustServerCertificate=False;Connection Timeout=30;

---

\--loginbackend marcos
LOGIN back_marcos
PASSWORD = senha@123

Server=tcp:databasedbg5.database.windows.net,1433;Initial Catalog=dbg5;Persist Security Info=False;User ID=back_marcos ;Password=senha@123;MultipleActiveResultSets=False;Encrypt=True;TrustServerCertificate=False;Connection Timeout=30;",{'emoji': {}},,,,681e971bd9a39734b445f278,[],681e9762d4d2e5751bb8eb11,[],[],21,,"[{'id': '681e971bd9a39734b445f2c1', 'idBoard': '681e971bd9a39734b445f278', 'idOrganization': '681e95bf55faa1fe8b9ecf06', 'name': 'Banco de Dados', 'nodeId': 'ari:cloud:trello::label/workspace/681e95bf55faa1fe8b9ecf06/681e971bd9a39734b445f2c1', 'color': 'green', 'uses': 15}]",['681e971bd9a39734b445f2c1'],False,Deploy,ari:cloud:trello::card/workspace/681e95bf55faa1fe8b9ecf06/681ea0a3d1b099501e01aec8,False,103936,AujnRLuV,https://trello.com/c/AujnRLuV,,False,https://trello.com/c/AujnRLuV/21-deploy,"{'idAttachment': None, 'color': None, 'idUploadedBackground': None, 'size': 'normal', 'brightness': 'dark', 'yPosition': 0.5, 'idPlugin': None}",False,,
681e9f7d371b41e368e65f95,"{'name': None, 'conversationId': None}","{'attachments': 1, 'fogbugz': '', 'checkItems': 0, 'checkItemsChecked': 0, 'checkItemsEarliestDue': None, 'comments': 0, 'description': True, 'due': None, 'dueComplete': False, 'lastUpdatedByAi': False, 'start': None, 'externalSource': None, 'attachmentsByType': {'trello': {'board': 0, 'card': 0}}, 'location': False, 'votes': 0, 'maliciousAttachments': 0, 'viewingMemberVoted': False, 'subscribed': False}",[],False,False,2025-05-16T00:42:46.183Z,"[https://viewer.diagrams.net/?tags=%7B%7D&lightbox=1&highlight=0000ff&edit=_blank&layers=1&nav=1&title=DBG5.png&dark=auto#R%3Cmxfile%3E%3Cdiagram%20name%3D%22P%C3%A1gina-1%22%20id%3D%222xo1fBFt737BgtFtGpni%22%3E7V1tb6M4F%2F01%2BdhReE3ycdOZ2ZW2K41mHu22Hz3BDV4RnDVOm8yvf%2BxgB4gDgTbBNLY00oBriPE99x77XBtG3v1q%2BzsB6%2FgvHMFk5I6j7cj7PHJd1%2FHH7D9esstLnKknSpYERaKsKPiBfkFRKKttUASzSkWKcULRulq4wGkKF7RSBgjBr9Vqzzip%2FuoaLKFS8GMBErX0HxTROC%2BdupOi%2FA%2BIlrH8ZSec5X9ZAVlZPEkWgwi%2Floq8LyPvnmBM86PV9h4mvPdkv%2BTXfa3566FhBKa0zQU%2FPz8%2BvcT%2FwOxp8%2FX3rfeI%2Fl7%2BeSfu8gKSjXhg1kyC0qVoM90lRfmaH1LwkxfNMwoIFfZiNvXmzAIUoBQSVuDsz5MErDO0r56XxCiJHsAOb6i8kTybP6MtjL7n5uJ1meUe2M34Kb%2F5M7v5D9EY%2FmeQoGXKjhfs4fkvzgnMWFseQEZFjZiuEnEonhESCre1neccTMLADPEKUrJjVcQFd65EsgDynTMRBa8FLJypKIvLkAhEIRBQXB7uXliLHQiDdTCeqxiv2WrfOfzmMSboF7dVIvq2bMn9%2BStaJSBluAbRUdEc7x15bxGUJPc4wdzcKU6hYnFeKSJ4%2FT9AlpCKgjVGKd33QzBn%2F1jP3I8%2FBaOAtfWenTvFOfvHqxN6j9OMEoYsfg%2FIDPwKuZHnFK%2FFTRP4LO9PRL%2Fz45%2BYUrzqgoF6F1GBIXDgtUSBdy0QeAoIvv1ZCwP2sBSB5DuLlCBdJrnR9oETFEY7YdmTfX3o3%2BOOP3ZWzLr9OdnHvhhFEWSOO3%2BNEYU%2F1mDBK70y8niDy9Y7hWqukn28juYRNys6rfPdQMKCVAoo859NGmWKzQ%2FtfDsMfAUGrLpeGMgYndedZ8zYjFge8ivDI5wEA8HJtt6tg4viptXtegBOYEmkFYmMr0gioW4SCduDoJ%2FYASMk79c7gwRmMshEwUCK2YB%2B8CzyBmyUiWd8caAYRyFTSyHaKWSmm0Jmt0ch1XnMmw03NZNPpIJXQUSYcJeJ0As7XNK9P%2BRFLK6nTWWbbAMIwpyO8j%2ByNp26pr648qOW0jph1ThKc1Rh1HJa35zmuLpJzekgsX4UVnuHtWrMdfNMpmqsa0hWKMsAvkEquTxAzKMPL1SAAaMllAzNQm%2BMlzgFyZeidE54e6DkhaLOA95jgtvmX0jpTvAJ2FBctRzcIvrIL%2F8UiLMnGTbY8edt%2BURyDbMo2T2WT56KO%2FDT4rL9mbwufz7%2BULUYEUUZ3pAFbOotIV5TyWZ1Fb0afBGYAIpeqi25PBmoGvuCoWjJOB80Dw5GxqVLZXL0kCXTnix1rNDdS7bUbxzSaU%2BXOqrUbXa%2B1DFU7nZUvRtF5%2BP5QIZ1WlOndZAxb5hnle9eVIJmTtGePXVuUPt%2Bh7UM1bulWFVJoK7gh6GUQYDEOApxrdA8AArRnj2VVrcUUjiFgRSiCs0LxhwLgCNALYG0gYh5BKKqkpZAeicQ%2FalKt4O%2BaQCD1Jjr5hlElTcB3bDQ%2FcuySAeYmMciqhp6mLjyZcBZM6eMTEtwHeK9jP9tRajDhZcnACtG9pHgyj1luAkuVxUjzU5wuYbqkfIn7ZbA9yLFuNGAZ0XJPuaUZ6hEe17Lu0FR8kJ7OupWot08qagKZXW3Rgkb4X8b%2Fm6TeeVov%2F9Cbiys2bIxbIrStzmjDnTm8ZPVPAfAT9qTZt4NSp6X4idD9U%2Fv1JsMOvPTQfqyJHUx5BlHUvKFYSUoik2szVw1Mk1LvTsWU2Vc17dZwLcT4D601NxFhqul%2BuoE2Gwt1Td02uur014UbTIWHQc%2BDtCqp9ahxbyhgJ2v9jFfPUMn2vVU%2Fwbnq%2B%2BwlqFTVF%2BdovJ9Ah%2BBTQaBD%2FPYQ12bY9mjd%2FbQrnb6Hdb3GMAeNdr0zbOHurwHrgBKLHW0AIdx1CGbYalDJ3Xo3xwQdNAzb587ghpz3Tp3BKqcmcE0tlsC2oDDPO44sRkRJDCNbApLTWF5R58HcqYtc1iH7wpdPuZb0bGPHFbuJsPNYQWq6Gh2DiswVHcMVN3R7gd4E1LMGwpYBbKPaeQZKtGevwqsAqk4hYE8oiqQpY8zDJtOBgEQ4%2BhDBi5LHzrpQ3sCK7QipOIU5tFHqIqQ%2FLUk8IV1l%2F2aQhuEmMcfpzYdWv7omT%2F0Z7HCDoqmAQRSY66bJxBV0IxgtiBoYb%2FG0wogxvHH1NKFBroIdNPF1DOYHXLMm8cOU3WMQNEa2%2BlFa4SYRw%2BBpYf%2B6WGqnR7UT%2FQZRA%2BGfvVpqmYyufok3rJu%2BaEFRIzjh5lTiwvLD9fiB9fRzQ8zk8WlmaEb%2FWeq1Gzfn94dJsZxRHhqU699bfq516bftRWJrveqn9CubWtH9%2B8Uo8NGute%2BTDpU17aZvUw6NHR5W6gub0MRj%2BVDJ36tS6Xr0GLcQEB%2B%2BN7SyVVnj2foRPtS6Yld66Y4hXlcMnFPoKDz22jlm%2Bbsi2gvAjrzKMkunxsAJWlffj2xq%2BcUpzCQkk6sngMUfIQJziDwYR57nHqjvmWPntlD%2F%2BLrSQed1AD6qDHXzdOHKpNa6miJDeOoY6aONRreIHTGHkqqqpWBmtNRE6nWyXSUf8I24xOdebWX9sxUtj3zHWYN3RaMJ5VuO%2Fnx4367TSUnFoEICwJD6K%2BJG1T761QI6LW%2FHFdd8wqjJZSyCxsQxXiJU5B8KUrnhEcKKEdrRZ0HvI%2FWvPv%2BhZTuxCgPbCiudi7rL7J75Nd%2FCuTpU%2Flvn7eS2%2FdnchSYt5U3sNkC7HnwhixgE1IEgVE5Xmz2RNWmBCaAopdqSxpi9Dc%2BFi2w4AfVkONOjmycN0xcdYWYrBL4IcAMwVeOY4urPSQ7jh5f2SL6WDp%2BKtyGnRWOwk%2Bu4Sezln7iOO47HeV9kV9N1w6HJ2dVXx8AlNUtUT1CuYDvU%2BkvV4fyoY%2FPY3lck8buB8uO%2FO728CNNweRlHi%2FR%2BvWZvItZaz7s3pNZZUNbfAlQQ5TyvaFNgpyx9YP2fiA%2FD3LWDeok7Z68wPE%2FilEvGqTaWicfyOiLUeoMenFqSiCFPRLj1c9NxtVzSBBrxH7Bsij9VhSdk9n6iGj6A5qnauUDxf4AApqg6zY%2BU7NFrS%2BfUefSS8ied%2FFB%2FSY8mnsPYCTg6iGNGp1qfMYJiomO44flqc6nsTtrdjt2UrK%2Bttn8lVSvwKlGZEe%2BxEfeIn8CRfX6jRCwK1UTid3635kdKa0CmV9bqnFH9dlB3oKLSnDyRwybhTtuWwzqnYTLdpZHQni1T2QmMVg1vkdkyNF90uIr686J4H61nVeHNMgQ%2FGDcHJ4LQhiPverIaOpOztECP7tidJdfajnrWXXfRetL3tKsPrpvMrgXuGWDMy73ZpoN7rdWvmpCQjc678rCh0WGMofTyMFFHOhWvb6CWKp0XRL3PoycccDyHYtezrQavdjQTDOY20726tbz9xW8Jh%2BQrPxpcBS7xr5mc7ut5cr3TkVq7M1OCeYbbIpwwMZf8V84grzG%2FwE%3D%3C%2Fdiagram%3E%3C%2Fmxfile%3E](https://viewer.diagrams.net/?tags=%7B%7D&lightbox=1&highlight=0000ff&edit=_blank&layers=1&nav=1&title=DBG5.png&dark=auto#R%3Cmxfile%3E%3Cdiagram%20name%3D%22P%C3%A1gina-1%22%20id%3D%222xo1fBFt737BgtFtGpni%22%3E7V1tb6M4F%2F01%2BdhReE3ycdOZ2ZW2K41mHu22Hz3BDV4RnDVOm8yvf%2BxgB4gDgTbBNLY00oBriPE99x77XBtG3v1q%2BzsB6%2FgvHMFk5I6j7cj7PHJd1%2FHH7D9esstLnKknSpYERaKsKPiBfkFRKKttUASzSkWKcULRulq4wGkKF7RSBgjBr9Vqzzip%2FuoaLKFS8GMBErX0HxTROC%2BdupOi%2FA%2BIlrH8ZSec5X9ZAVlZPEkWgwi%2Floq8LyPvnmBM86PV9h4mvPdkv%2BTXfa3566FhBKa0zQU%2FPz8%2BvcT%2FwOxp8%2FX3rfeI%2Fl7%2BeSfu8gKSjXhg1kyC0qVoM90lRfmaH1LwkxfNMwoIFfZiNvXmzAIUoBQSVuDsz5MErDO0r56XxCiJHsAOb6i8kTybP6MtjL7n5uJ1meUe2M34Kb%2F5M7v5D9EY%2FmeQoGXKjhfs4fkvzgnMWFseQEZFjZiuEnEonhESCre1neccTMLADPEKUrJjVcQFd65EsgDynTMRBa8FLJypKIvLkAhEIRBQXB7uXliLHQiDdTCeqxiv2WrfOfzmMSboF7dVIvq2bMn9%2BStaJSBluAbRUdEc7x15bxGUJPc4wdzcKU6hYnFeKSJ4%2FT9AlpCKgjVGKd33QzBn%2F1jP3I8%2FBaOAtfWenTvFOfvHqxN6j9OMEoYsfg%2FIDPwKuZHnFK%2FFTRP4LO9PRL%2Fz45%2BYUrzqgoF6F1GBIXDgtUSBdy0QeAoIvv1ZCwP2sBSB5DuLlCBdJrnR9oETFEY7YdmTfX3o3%2BOOP3ZWzLr9OdnHvhhFEWSOO3%2BNEYU%2F1mDBK70y8niDy9Y7hWqukn28juYRNys6rfPdQMKCVAoo859NGmWKzQ%2FtfDsMfAUGrLpeGMgYndedZ8zYjFge8ivDI5wEA8HJtt6tg4viptXtegBOYEmkFYmMr0gioW4SCduDoJ%2FYASMk79c7gwRmMshEwUCK2YB%2B8CzyBmyUiWd8caAYRyFTSyHaKWSmm0Jmt0ch1XnMmw03NZNPpIJXQUSYcJeJ0As7XNK9P%2BRFLK6nTWWbbAMIwpyO8j%2ByNp26pr648qOW0jph1ThKc1Rh1HJa35zmuLpJzekgsX4UVnuHtWrMdfNMpmqsa0hWKMsAvkEquTxAzKMPL1SAAaMllAzNQm%2BMlzgFyZeidE54e6DkhaLOA95jgtvmX0jpTvAJ2FBctRzcIvrIL%2F8UiLMnGTbY8edt%2BURyDbMo2T2WT56KO%2FDT4rL9mbwufz7%2BULUYEUUZ3pAFbOotIV5TyWZ1Fb0afBGYAIpeqi25PBmoGvuCoWjJOB80Dw5GxqVLZXL0kCXTnix1rNDdS7bUbxzSaU%2BXOqrUbXa%2B1DFU7nZUvRtF5%2BP5QIZ1WlOndZAxb5hnle9eVIJmTtGePXVuUPt%2Bh7UM1bulWFVJoK7gh6GUQYDEOApxrdA8AArRnj2VVrcUUjiFgRSiCs0LxhwLgCNALYG0gYh5BKKqkpZAeicQ%2FalKt4O%2BaQCD1Jjr5hlElTcB3bDQ%2FcuySAeYmMciqhp6mLjyZcBZM6eMTEtwHeK9jP9tRajDhZcnACtG9pHgyj1luAkuVxUjzU5wuYbqkfIn7ZbA9yLFuNGAZ0XJPuaUZ6hEe17Lu0FR8kJ7OupWot08qagKZXW3Rgkb4X8b%2Fm6TeeVov%2F9Cbiys2bIxbIrStzmjDnTm8ZPVPAfAT9qTZt4NSp6X4idD9U%2Fv1JsMOvPTQfqyJHUx5BlHUvKFYSUoik2szVw1Mk1LvTsWU2Vc17dZwLcT4D601NxFhqul%2BuoE2Gwt1Td02uur014UbTIWHQc%2BDtCqp9ahxbyhgJ2v9jFfPUMn2vVU%2Fwbnq%2B%2BwlqFTVF%2BdovJ9Ah%2BBTQaBD%2FPYQ12bY9mjd%2FbQrnb6Hdb3GMAeNdr0zbOHurwHrgBKLHW0AIdx1CGbYalDJ3Xo3xwQdNAzb587ghpz3Tp3BKqcmcE0tlsC2oDDPO44sRkRJDCNbApLTWF5R58HcqYtc1iH7wpdPuZb0bGPHFbuJsPNYQWq6Gh2DiswVHcMVN3R7gd4E1LMGwpYBbKPaeQZKtGevwqsAqk4hYE8oiqQpY8zDJtOBgEQ4%2BhDBi5LHzrpQ3sCK7QipOIU5tFHqIqQ%2FLUk8IV1l%2F2aQhuEmMcfpzYdWv7omT%2F0Z7HCDoqmAQRSY66bJxBV0IxgtiBoYb%2FG0wogxvHH1NKFBroIdNPF1DOYHXLMm8cOU3WMQNEa2%2BlFa4SYRw%2BBpYf%2B6WGqnR7UT%2FQZRA%2BGfvVpqmYyufok3rJu%2BaEFRIzjh5lTiwvLD9fiB9fRzQ8zk8WlmaEb%2FWeq1Gzfn94dJsZxRHhqU699bfq516bftRWJrveqn9CubWtH9%2B8Uo8NGute%2BTDpU17aZvUw6NHR5W6gub0MRj%2BVDJ36tS6Xr0GLcQEB%2B%2BN7SyVVnj2foRPtS6Yld66Y4hXlcMnFPoKDz22jlm%2Bbsi2gvAjrzKMkunxsAJWlffj2xq%2BcUpzCQkk6sngMUfIQJziDwYR57nHqjvmWPntlD%2F%2BLrSQed1AD6qDHXzdOHKpNa6miJDeOoY6aONRreIHTGHkqqqpWBmtNRE6nWyXSUf8I24xOdebWX9sxUtj3zHWYN3RaMJ5VuO%2Fnx4367TSUnFoEICwJD6K%2BJG1T761QI6LW%2FHFdd8wqjJZSyCxsQxXiJU5B8KUrnhEcKKEdrRZ0HvI%2FWvPv%2BhZTuxCgPbCiudi7rL7J75Nd%2FCuTpU%2Flvn7eS2%2FdnchSYt5U3sNkC7HnwhixgE1IEgVE5Xmz2RNWmBCaAopdqSxpi9Dc%2BFi2w4AfVkONOjmycN0xcdYWYrBL4IcAMwVeOY4urPSQ7jh5f2SL6WDp%2BKtyGnRWOwk%2Bu4Sezln7iOO47HeV9kV9N1w6HJ2dVXx8AlNUtUT1CuYDvU%2BkvV4fyoY%2FPY3lck8buB8uO%2FO728CNNweRlHi%2FR%2BvWZvItZaz7s3pNZZUNbfAlQQ5TyvaFNgpyx9YP2fiA%2FD3LWDeok7Z68wPE%2FilEvGqTaWicfyOiLUeoMenFqSiCFPRLj1c9NxtVzSBBrxH7Bsij9VhSdk9n6iGj6A5qnauUDxf4AApqg6zY%2BU7NFrS%2BfUefSS8ied%2FFB%2FSY8mnsPYCTg6iGNGp1qfMYJiomO44flqc6nsTtrdjt2UrK%2Bttn8lVSvwKlGZEe%2BxEfeIn8CRfX6jRCwK1UTid3635kdKa0CmV9bqnFH9dlB3oKLSnDyRwybhTtuWwzqnYTLdpZHQni1T2QmMVg1vkdkyNF90uIr686J4H61nVeHNMgQ%2FGDcHJ4LQhiPverIaOpOztECP7tidJdfajnrWXXfRetL3tKsPrpvMrgXuGWDMy73ZpoN7rdWvmpCQjc678rCh0WGMofTyMFFHOhWvb6CWKp0XRL3PoycccDyHYtezrQavdjQTDOY20726tbz9xW8Jh%2BQrPxpcBS7xr5mc7ut5cr3TkVq7M1OCeYbbIpwwMZf8V84grzG%2FwE%3D%3C%2Fdiagram%3E%3C%2Fmxfile%3E ""smartCard-inline"")",{'emoji': {}},,,,681e971bd9a39734b445f278,[],681e9762d4d2e5751bb8eb11,[],[],6,,"[{'id': '681e971bd9a39734b445f2c1', 'idBoard': '681e971bd9a39734b445f278', 'idOrganization': '681e95bf55faa1fe8b9ecf06', 'name': 'Banco de Dados', 'nodeId': 'ari:cloud:trello::label/workspace/681e95bf55faa1fe8b9ecf06/681e971bd9a39734b445f2c1', 'color': 'green', 'uses': 15}]",['681e971bd9a39734b445f2c1'],False,Modelagem Conceitual,ari:cloud:trello::card/workspace/681e95bf55faa1fe8b9ecf06/681e9f7d371b41e368e65f95,False,120320,b0lp0ihd,https://trello.com/c/b0lp0ihd,,False,https://trello.com/c/b0lp0ihd/6-modelagem-conceitual,"{'idAttachment': None, 'color': None, 'idUploadedBackground': None, 'size': 'normal', 'brightness': 'dark', 'yPosition': 0.5, 'idPlugin': None}",False,,
681ea036874ac1fec92d55a0,"{'name': None, 'conversationId': None}","{'attachments': 1, 'fogbugz': '', 'checkItems': 0, 'checkItemsChecked': 0, 'checkItemsEarliestDue': None, 'comments': 0, 'description': True, 'due': None, 'dueComplete': False, 'lastUpdatedByAi': False, 'start': None, 'externalSource': None, 'attachmentsByType': {'trello': {'board': 0, 'card': 0}}, 'location': False, 'votes': 0, 'maliciousAttachments': 0, 'viewingMemberVoted': False, 'subscribed': False}",[],False,False,2025-05-16T00:45:03.628Z,"Informações de loggin e senha - segurança

‌

\--loginbackend ingrid
LOGIN back_ingrid
PASSWORD = senha@123

\-string de conexão ingrid

Server=tcp:databasedbg5.database.windows.net,1433;Initial Catalog=dbg5;Persist Security Info=False;User ID=back_ingrid;Password=senha@123;MultipleActiveResultSets=False;Encrypt=True;TrustServerCertificate=False;Connection Timeout=30;

---

\--loginbackend marcos
LOGIN back_marcos
PASSWORD = senha@123

Server=tcp:databasedbg5.database.windows.net,1433;Initial Catalog=dbg5;Persist Security Info=False;User ID=back_marcos ;Password=senha@123;MultipleActiveResultSets=False;Encrypt=True;TrustServerCertificate=False;Connection Timeout=30;",{'emoji': {}},,,,681e971bd9a39734b445f278,[],681e9762d4d2e5751bb8eb11,[],[],18,,"[{'id': '681e971bd9a39734b445f2c1', 'idBoard': '681e971bd9a39734b445f278', 'idOrganization': '681e95bf55faa1fe8b9ecf06', 'name': 'Banco de Dados', 'nodeId': 'ari:cloud:trello::label/workspace/681e95bf55faa1fe8b9ecf06/681e971bd9a39734b445f2c1', 'color': 'green', 'uses': 15}]",['681e971bd9a39734b445f2c1'],False,Segurança,ari:cloud:trello::card/workspace/681e95bf55faa1fe8b9ecf06/681ea036874ac1fec92d55a0,False,136704,tNnFFICF,https://trello.com/c/tNnFFICF,,False,https://trello.com/c/tNnFFICF/18-seguran%C3%A7a,"{'idAttachment': None, 'color': None, 'idUploadedBackground': None, 'size': 'normal', 'brightness': 'dark', 'yPosition': 0.5, 'idPlugin': None}",False,,
6827bcf03f7012b1fd1e260d,"{'name': None, 'conversationId': None}","{'attachments': 0, 'fogbugz': '', 'checkItems': 0, 'checkItemsChecked': 0, 'checkItemsEarliestDue': None, 'comments': 0, 'description': True, 'due': None, 'dueComplete': False, 'lastUpdatedByAi': False, 'start': None, 'externalSource': None, 'attachmentsByType': {'trello': {'board': 0, 'card': 0}}, 'location': False, 'votes': 0, 'maliciousAttachments': 0, 'viewingMemberVoted': False, 'subscribed': False}",[],False,False,2025-05-21T00:23:09.762Z,"feito ✅

sql sever audit

✅

sql loggin;users

✅

sql trggers(auditoria de tabelas)

✅",{'emoji': {}},,,,681e971bd9a39734b445f278,[],681e9762d4d2e5751bb8eb11,[],[],43,,"[{'id': '681e971bd9a39734b445f2c1', 'idBoard': '681e971bd9a39734b445f278', 'idOrganization': '681e95bf55faa1fe8b9ecf06', 'name': 'Banco de Dados', 'nodeId': 'ari:cloud:trello::label/workspace/681e95bf55faa1fe8b9ecf06/681e971bd9a39734b445f2c1', 'color': 'green', 'uses': 15}]",['681e971bd9a39734b445f2c1'],False,Segurança²,ari:cloud:trello::card/workspace/681e95bf55faa1fe8b9ecf06/6827bcf03f7012b1fd1e260d,False,172032,b0YpZrD8,https://trello.com/c/b0YpZrD8,,False,https://trello.com/c/b0YpZrD8/43-seguran%C3%A7a,"{'idAttachment': None, 'color': None, 'idUploadedBackground': None, 'size': 'normal', 'brightness': 'dark', 'yPosition': 0.5, 'idPlugin': None}",False,,
682fa876deabf5e81b223cf5,"{'name': None, 'conversationId': None}","{'attachments': 1, 'fogbugz': '', 'checkItems': 0, 'checkItemsChecked': 0, 'checkItemsEarliestDue': None, 'comments': 0, 'description': True, 'due': None, 'dueComplete': False, 'lastUpdatedByAi': False, 'start': None, 'externalSource': None, 'attachmentsByType': {'trello': {'board': 0, 'card': 0}}, 'location': False, 'votes': 0, 'maliciousAttachments': 0, 'viewingMemberVoted': False, 'subscribed': False}",[],False,False,2025-05-22T22:46:46.467Z,"após atualização, a tabela de notas ficou desta forma.

‌

![image.png](https://trello.com/1/cards/682fa876deabf5e81b223cf5/attachments/682fa946cf8be320975a9dec/download/image.png)",{'emoji': {}},,,,681e971bd9a39734b445f278,[],681e9762d4d2e5751bb8eb11,[],[],46,682fa946cf8be320975a9dec,"[{'id': '681e971bd9a39734b445f2c1', 'idBoard': '681e971bd9a39734b445f278', 'idOrganization': '681e95bf55faa1fe8b9ecf06', 'name': 'Banco de Dados', 'nodeId': 'ari:cloud:trello::label/workspace/681e95bf55faa1fe8b9ecf06/681e971bd9a39734b445f2c1', 'color': 'green', 'uses': 15}]",['681e971bd9a39734b445f2c1'],False,Tabela de Notas,ari:cloud:trello::card/workspace/681e95bf55faa1fe8b9ecf06/682fa876deabf5e81b223cf5,False,188416,8DSFrpsj,https://trello.com/c/8DSFrpsj,,False,https://trello.com/c/8DSFrpsj/46-tabela-de-notas,"{'idAttachment': '682fa946cf8be320975a9dec', 'color': None, 'idUploadedBackground': None, 'size': 'normal', 'brightness': 'dark', 'yPosition': 0.5, 'idPlugin': None}",False,,
682e4ef756c0ef0e0e716b76,"{'name': None, 'conversationId': None}","{'attachments': 0, 'fogbugz': '', 'checkItems': 0, 'checkItemsChecked': 0, 'checkItemsEarliestDue': None, 'comments': 0, 'description': True, 'due': None, 'dueComplete': False, 'lastUpdatedByAi': False, 'start': None, 'externalSource': None, 'attachmentsByType': {'trello': {'board': 0, 'card': 0}}, 'location': False, 'votes': 0, 'maliciousAttachments': 0, 'viewingMemberVoted': False, 'subscribed': False}",[],False,False,2025-05-23T22:45:21.657Z,"Com os dados apresentados até o momento, identifiquei apenas a necessidade de criptografar a senha, entretanto essa criptografia ja foi realizada pelo backend, com isso não vejo necessidade de realizar este mesmo processo no banco.

‌

Estou aberta a discussão sobre este assunto.",{'emoji': {}},,,,681e971bd9a39734b445f278,[],681e9762d4d2e5751bb8eb11,[],[],45,,"[{'id': '681e971bd9a39734b445f2c1', 'idBoard': '681e971bd9a39734b445f278', 'idOrganization': '681e95bf55faa1fe8b9ecf06', 'name': 'Banco de Dados', 'nodeId': 'ari:cloud:trello::label/workspace/681e95bf55faa1fe8b9ecf06/681e971bd9a39734b445f2c1', 'color': 'green', 'uses': 15}]",['681e971bd9a39734b445f2c1'],False,Criptografia,ari:cloud:trello::card/workspace/681e95bf55faa1fe8b9ecf06/682e4ef756c0ef0e0e716b76,False,204800,pGMoctIL,https://trello.com/c/pGMoctIL,,False,https://trello.com/c/pGMoctIL/45-criptografia,"{'idAttachment': None, 'color': None, 'idUploadedBackground': None, 'size': 'normal', 'brightness': 'dark', 'yPosition': 0.5, 'idPlugin': None}",False,,
6830fa8aae2bedb8ae7e49a3,"{'name': None, 'conversationId': None}","{'attachments': 0, 'fogbugz': '', 'checkItems': 0, 'checkItemsChecked': 0, 'checkItemsEarliestDue': None, 'comments': 0, 'description': True, 'due': None, 'dueComplete': False, 'lastUpdatedByAi': False, 'start': None, 'externalSource': None, 'attachmentsByType': {'trello': {'board': 0, 'card': 0}}, 'location': False, 'votes': 0, 'maliciousAttachments': 0, 'viewingMemberVoted': False, 'subscribed': False}",[],False,False,2025-05-23T22:51:47.600Z,"Criação dos scripts de index para otimização de pesquisas(select) em nosso ambiente de produtoção (bancodedados).

‌

create nonclustered index idx_categoria on categorias (nomecategoria)
create nonclustered index idx_nota1 on notas (idnota)
create nonclustered index idx_calendario on calendario (idcalendario)
create nonclustered index idx_evento on evento (tipoevento)",{'emoji': {}},,,,681e971bd9a39734b445f278,[],681e9762d4d2e5751bb8eb11,[],[],48,,"[{'id': '681e971bd9a39734b445f2c1', 'idBoard': '681e971bd9a39734b445f278', 'idOrganization': '681e95bf55faa1fe8b9ecf06', 'name': 'Banco de Dados', 'nodeId': 'ari:cloud:trello::label/workspace/681e95bf55faa1fe8b9ecf06/681e971bd9a39734b445f2c1', 'color': 'green', 'uses': 15}]",['681e971bd9a39734b445f2c1'],False,Index,ari:cloud:trello::card/workspace/681e95bf55faa1fe8b9ecf06/6830fa8aae2bedb8ae7e49a3,False,221184,hnxWv3nS,https://trello.com/c/hnxWv3nS,,False,https://trello.com/c/hnxWv3nS/48-index,"{'idAttachment': None, 'color': None, 'idUploadedBackground': None, 'size': 'normal', 'brightness': 'dark', 'yPosition': 0.5, 'idPlugin': None}",False,,
681ea05f99e627c574f2c13e,"{'name': None, 'conversationId': None}","{'attachments': 0, 'fogbugz': '', 'checkItems': 0, 'checkItemsChecked': 0, 'checkItemsEarliestDue': None, 'comments': 0, 'description': True, 'due': None, 'dueComplete': False, 'lastUpdatedByAi': False, 'start': None, 'externalSource': None, 'attachmentsByType': {'trello': {'board': 0, 'card': 0}}, 'location': False, 'votes': 0, 'maliciousAttachments': 0, 'viewingMemberVoted': False, 'subscribed': False}",[],False,False,2025-05-23T22:56:33.890Z,"realizado o backup em nossa azure.

Backup completo uma vez a cada dois dias

backup diferencial uma vez a cada doze horas",{'emoji': {}},,,,681e971bd9a39734b445f278,[],681e9762d4d2e5751bb8eb11,[],[],20,,"[{'id': '681e971bd9a39734b445f2c1', 'idBoard': '681e971bd9a39734b445f278', 'idOrganization': '681e95bf55faa1fe8b9ecf06', 'name': 'Banco de Dados', 'nodeId': 'ari:cloud:trello::label/workspace/681e95bf55faa1fe8b9ecf06/681e971bd9a39734b445f2c1', 'color': 'green', 'uses': 15}]",['681e971bd9a39734b445f2c1'],False,Backup,ari:cloud:trello::card/workspace/681e95bf55faa1fe8b9ecf06/681ea05f99e627c574f2c13e,False,237568,eFfBlBvp,https://trello.com/c/eFfBlBvp,,False,https://trello.com/c/eFfBlBvp/20-backup,"{'idAttachment': None, 'color': None, 'idUploadedBackground': None, 'size': 'normal', 'brightness': 'dark', 'yPosition': 0.5, 'idPlugin': None}",False,,
681ea024e5be17f83c3158d7,"{'name': None, 'conversationId': None}","{'attachments': 0, 'fogbugz': '', 'checkItems': 0, 'checkItemsChecked': 0, 'checkItemsEarliestDue': None, 'comments': 0, 'description': True, 'due': None, 'dueComplete': False, 'lastUpdatedByAi': False, 'start': None, 'externalSource': None, 'attachmentsByType': {'trello': {'board': 0, 'card': 0}}, 'location': False, 'votes': 0, 'maliciousAttachments': 0, 'viewingMemberVoted': False, 'subscribed': False}",[],False,False,2025-05-23T23:00:49.893Z,Integração entre backend e banco de dados(azure) realizada pelo Marcos.,{'emoji': {}},,,,681e971bd9a39734b445f278,[],681e9762d4d2e5751bb8eb11,[],[],15,,"[{'id': '681e971bd9a39734b445f2c1', 'idBoard': '681e971bd9a39734b445f278', 'idOrganization': '681e95bf55faa1fe8b9ecf06', 'name': 'Banco de Dados', 'nodeId': 'ari:cloud:trello::label/workspace/681e95bf55faa1fe8b9ecf06/681e971bd9a39734b445f2c1', 'color': 'green', 'uses': 15}]",['681e971bd9a39734b445f2c1'],False,Integração com back-end,ari:cloud:trello::card/workspace/681e95bf55faa1fe8b9ecf06/681ea024e5be17f83c3158d7,False,253952,PsTMtX4i,https://trello.com/c/PsTMtX4i,,False,https://trello.com/c/PsTMtX4i/15-integra%C3%A7%C3%A3o-com-back-end,"{'idAttachment': None, 'color': None, 'idUploadedBackground': None, 'size': 'normal', 'brightness': 'dark', 'yPosition': 0.5, 'idPlugin': None}",False,,
